food,relationship,disease,evidence
bombax ceiba l. (bombacaceae) fruits,treats,urinary stones,"Interestingly, many Indian tribes use Bombax ceiba L. (Bombacaceae) fruits as a traditional medicine for the treatment of urinary stones."
ultra-processed food,causes,obesity,"Ultra-processed food consumption has been associated with several health outcomes such as obesity, hypertension, cardiovascular disease and cancer."
salt,causes,osteoporosis,"Salt has notoriously been blamed for causing an increase in the urinary excretion of calcium, and thus is a considered a risk factor for osteoporosis."
sfp,treats,diabetes,"In short, this study demonstrated that SFP could be developed as functional foods or pharmaceutical supplements for the prevention or mitigation of diabetes and its complications."
wine,treats,ad,We also showed that moderate consumption of wine was associated with a lower risk of developing AD.
ginger,treats,diabetes,Recent evidence revealed the potential of ginger for reducing diabetes-induced oxidative stress markers.
citrus aurantium l. (tpe-ca),treats,inflammatory diseases,"Total phenolic extracts of Citrus aurantium L. (TPE-CA) are rich in dietary bioactive flavonoids, which show beneficial effects on liver health and are regarded as therapeutic tools against inflammatory diseases."
wheat,causes,allergic reactions,Wheat is one of the five most common foods that trigger allergic reactions in children.
low-carbohydrate ketogenic ( vlc ) diet,treats,type 2 diabetes,"Adults with type 2 diabetes may experience health benefits, including glycemic control and weight loss, from following a very low-carbohydrate, ketogenic (VLC) diet."
chicken eggshell membrane ( em ),treats,arthritis,"It was hypothesized that chicken eggshell membrane (EM) is effective in the regeneration of cartilage and/or immunomodulation (oral tolerance), and as such relieves pain and stiffness in joints commonly affected in arthritis."
folic,treats,neural tube defects,There is evidence that adequate amounts of folic acid supply to women before and during early pregnancy decreases the risk of having a neural tube defects affected child.
sword bean,treats,cancer,"Sword bean has been known as a traditional medicinal plant to treat cancer, sinus infection, and suppurative disease."
excessive consumption of red meat,causes,coronary heart diseases,Excessive consumption of red meat is associated with various diseases including coronary heart diseases and cancer.
fruit,treats,dementia,"Having at least three servings of vegetables and two servings of fruit a day could help prevent dementia in older adults, new research suggests."
milk,causes,cardiovascular disease,"Milk and dairy products containing milk fat are major food sources of saturated fatty acids, which have been linked to increased risk of cardiovascular-related clinical outcomes such as cardiovascular disease (CVD), coronary heart disease (CHD), and stroke."
punica granatum,treats,ailments,Over one thousand cultivars of Punica granatum (Punicaceae) are known and some are traditionally used to treat various ailments.
coffee,treats,metabolic syndrome,"Further, waste products from tropical fruits including mangosteen rind, coffee pulp and spent coffee grounds provide further options to reduce metabolic syndrome."
fruit,treats,bladder cancer,"Fruit and vegetable consumption was inversely related with bladder cancer in many studies, but no consistent association has emerged between intake of related micronutrients and reduced risk of bladder cancer."
glycine max,treats,anemia deficiency,"Glycine max is commonly used in Algeria for treatment of anemia deficiency and osteoporosis, it ranks first in terms of vegetal proteins."
fish oil,treats,skin inflammation,Nutritional supplementation with fish oil or ÃÂÃÂÃÂÃÂ-3 (n-3) polyunsaturated fatty acids (PUFAs) has potential benefits for skin inflammation.
milk,treats,bone loss,Milk and milk products prevent the bone loss in pre- and postmenopausal women.
chocolate,treats,cardiovascular disease,Three recent meta-analyses found significant prospective inverse associations between chocolate intake and cardiovascular disease risk.
excessive sugar consumption,treats,metabolic diseases,"Since excessive sugar consumption has been related to the development of chronic metabolic diseases prevalent in the western world, the use of sweeteners has gradually increased worldwide over the last few years."
blueberry,treats,cvds,"Moreover, substantial experimental studies have supported the protective role of fruits against CVDs, and several fruits (grape, blueberry, pomegranate, apple, hawthorn, and avocado) have been widely studied and have shown potent cardiovascular protective action."
garlic,causes,heinz body hemolytic anemia,", including garlic (A. sativum) and onions (A. cepa), are known to be oxidatively toxic to canine erythrocytes resulting in Heinz body hemolytic anemia in dogs."
less healthy diet,causes,asthma,"We observed a significant positive association between less healthy diet, as expressed by higher FSAm-NPS DI, and the asthma symptom score."
allium,treats,cancer,"Allium vegetables have been shown to have beneficial effects against several diseases, including cancer."
ginger,treats,memory dysfunction,"Ginger, which has been widely used for dietary condiment, has been reported to improve memory dysfunction in an animal model of Alzheimer's disease (AD)."
sodium,causes,chronic kidney disease,"Current dietary guidelines recommend that patients with chronic kidney disease (CKD) restrict individual nutrients, such as sodium, potassium, phosphorus, and protein."
diet,treats,diabetes,"Prevention of diabetes through the diet has recently received an increasing interest, and polyphenolic compounds, such as flavanols, have become important potential chemopreventive natural agents due to their proved benefits on health, with low toxicity and cost."
iron-fortified cereals,treats,iron deficiency anemia,Iron-fortified cereals (IFIC) can contribute substantially in preventing iron deficiency anemia and maintaining an adequate body iron status.
iron fortifiers,treats,iron-deficiency anemia,"Iron-deficiency anemia (IDA) is a major global public health problem, and the iron fortifiers in diet are clearly needed in the prevention and improvement of IDA for humans."
capsinoids from nonpungent chili pepper,treats,chills,"Capsinoids from nonpungent chili pepper cultivar have been reported to reduce body fat mass, promote metabolism, and improve unidentified complaints of chills."
rice,causes,allergic reactions,Allergen Glb33 is an important allergen in rice that can cause allergic reactions such as asthma and atopic dermatitis.
flour,causes,respiratory allergy,"Out of the 314 subjects tested, 22 (7%) had a respiratory allergy against flour (flour rhinitis and/or flour asthma), and 21 (6.7%) a preexistent atopic disease without actual symptoms of flour allergy."
flour dust,causes,respiratory diseases,"For decades, occupational exposure to flour dust has been linked to a range of respiratory diseases, including occupational asthma, thought to result from exposure to fungi present in the flour."
essential oil,treats,immune disorders,"Because Magonlia Flos was described as an aromatic material in ancient Chinese texts, we hypothesized that its essential oil may be used to treat immune disorders."
mediterranean diet,causes,myocardial infarction,The Mediterranean diet (MD) affects the risk of myocardial infarction and long-term prognosis after a coronary event.
leaves and fruits of rhus coriaria,treats,diabetes,The leaves and fruits of Rhus coriaria are traditionally used in Turkey for the treatment of diabetes.
garlic consumption,treats,cancer,"Epidemeological as well as laboratory studies have shown that garlic consumption reduces certain cancer incidences in the stomach, colon, mammary, cervical, etc."
dairy products,treats,bone diseases,"However, milk is a food of high nutritional value, and complete exclusion of dairy products may favor the development of bone diseases such as osteopenia and osteoporosis."
processed meats,causes,hypertension,"However, liquid UPF and processed meats were associated with increased rate of hypertension (IRR: 1.32; 95%CI:1.10,1.65; IRR: 1.17; 95%CI:1.01,1.36; respectively)."
taraxacum officinale,treats,inflammatory diseases,"Taraxacum officinale (L.), commonly called dandelion has been used for centuries as a natural medicine to treat inflammatory diseases including some metabolic alterations associated with obesity."
tea,treats,vd,"A high educational level, a vegetable-based diet, and tea were protective factors for VD."
garlic,treats,colon neoplastic lesions,Diallyl disulfide (DADS) is a major organosulphur compound present in garlic with an anti-mitotic potential against colon neoplastic lesions in vivo and colon tumour cell growth in vitro.
salt,causes,ad,"Diets characterized by high intakes of refined sugars, salt, animal-derived proteins and fats and by low intakes of fruit and vegetables are associated with a higher risk of AD and can perturb the circadian modulation of cortisol secretion, which is associated with poor sleep quality."
green tea,treats,neurodegenerative disease,"Natural antioxidants from food sources and natural products such as resveratrol, curcumin, green tea polyphenols, and vitamin E are promising therapeutic agents in oxidative stress-mediated neurodegenerative disease as they have fewer adverse effects, more tolerable, cheaper, and sustainable for long term consumption."
sage,treats,diabetic,Salvia officinalis L. (sage) is a medicinal plant used as an ingredient in foods and beverages and displays a wide range of biological and pharmacological activities including anti-diabetic effects.
iron fortifiers in diets,treats,iron-deficiency anemia,"Iron-deficiency anemia is an important health problem in global public issues, and development of iron fortifiers in diets is essential for the decrease of iron deficiency."
spirulina platensis extracts,treats,cancer,Spirulina platensis extracts have exhibited considerable anti-cancer effects.
extra-virgin olive oil,treats,malignancies,"Epidemiological studies have compellingly documented the ability of the Mediterranean diet rich in extra-virgin olive oil to reduce the incidence of certain malignancies, and cardiovascular diseases, and slow the Alzheimer's disease progression."
alcohol,treats,dementia,"Evidence suggests that consuming light-to-moderate amounts of alcohol reduces the risk of dementia and is associated better cognitive function and less cardiovascular disease, relative to those consuming no or heavy alcohol."
phenolic acids,treats,alzheimer's disease,Numerous authors have provided evidence regarding the beneficial effects of phenolic acids and their derivatives against Alzheimer's disease (AD).
ultra-processed foods,causes,noncommunicable chronic diseases,Processed and ultra-processed foods (UPF) consumption has been associated with development of noncommunicable chronic diseases (NCD).
labiatae,treats,cardiovascular diseases,"Use of Labiatae as food or food additives (such as spices) may prevent risk of cardiovascular diseases, diabetes and cancer."
meat,causes,coronary heart disease,"Regular intake of foods rich in saturated fats, such as meat and certain dairy products, raises the risk of coronary heart disease, especially in smokers."
milk,causes,respiratory complications,"It is suggested that recurrent inhalation of milk and food, consequent upon disordered oesophageal motility, is the major factor causing these respiratory complications."
docosahexaenoic acid,treats,alzheimer's disease,"Docosahexaenoic acid (DHA) is a fatty acid abundant in the brain, and is reported to have protective effects against Alzheimer's disease, although the mechanistic effects of DHA against Alzheimer's pathophysiology remain unclear."
artichoke,treats,"cardiovascular, hepatic and gastric diseases","Cynara scolymus L. (common artichoke) and its products have been considered as potential phytotherapeutic agents for various conditions, such as cardiovascular, hepatic and gastric diseases, among others."
milk consumption,treats,osteoporosis,Milk consumption is an accepted strategy in building peak bone mass and therefore may reduce the risk of osteoporosis.
olive oil,treats,cardiovascular disease,"A Mediterranean diet supplemented with olive oil and nuts prevents cardiovascular disease in clinical studies, but the underlying mechanisms are incompletely understood."
oryza sativa,treats,vomiting,"Oryza sativa L. is consumed globally as a staple food, and its roots have been used as a Korean and Chinese medical supplement for protection of the stomach and lungs and for amelioration of vomiting and fever."
gelatin hydrolysates,treats,osteoporosis,Osteoporosis is a common skeletal disorder in humans and gelatin hydrolysates from mammals have been reported to improve osteoporosis.
blueberries,causes,g6pd) deficiency,"However, there is evidence in the literature stating that blueberries should be avoided in individuals with glucose-6-phosphate dehydrogenase (G6PD) deficiency."
olive oil,treats,alzheimer's disease,Olive oil is a major component of the Mediterranean diet suggested to be beneficial to counteract Alzheimer's disease.
avocado soybean unsaponifiables (asu),treats,knee osteoarthritis,"Avocado soybean unsaponifiables (ASU) has proven its safety and effectiveness in clinical studies of knee osteoarthritis (OA); however, whether ASU exerts structure-modifying effects is still to be elucidated."
high-calorie diet,causes,obesity,A high-calorie diet (HCD) induces two mutually exacerbating effects contributing to diet-induced obesity (DIO): impaired glucose metabolism and increased food consumption.
unhealthy diet,causes,malnutrition,"Many Small Island Developing States of the Caribbean experience a triple burden of malnutrition with high rates of obesity, undernutrition in children, and iron deficiency anemia in women of reproductive age, driven by an inadequate, unhealthy diet."
ginger,treats,behavioral dysfunction,Our previous study suggests that ginger root extract can reverse behavioral dysfunction and prevent Alzheimer's disease (AD)-like symptoms induced by the amyloid-ÃÂÃÂÃÂÃÂ² protein (AÃÂÃÂÃÂÃÂ²) in a rat model.
tobacco,causes,bladder cancer,Tobacco smoking and occupational exposure to aromatic amines are the two major established environmental risk factors for bladder cancer.
peanut,causes,intestinal anaphylaxis,Activation of the steroidogenic enzyme CYP11A1 was shown to be necessary for the development of peanut-induced intestinal anaphylaxis and IL-13 production in allergic mice.
ginseng,treats,cardiovascular disease,"Ginsenoside-Rb1 (Rb1), a major active component of ginseng, has many benefits for cardiovascular disease and diabetes mellitus (DM), but the effect and mechanism on diabetic cardiomyopathy are not clear."
3-hydroxyphenylpropionic acid,treats,diabetes,"Epicatechin (EC) and main colonic phenolic acids derived from flavonoid intake, such as 2,3-dihydroxybenzoic acid (DHBA), 3,4-dihydroxyphenylacetic acid (DHPAA) and 3-hydroxyphenylpropionic acid (HPPA), have been suggested to exert beneficial effects in diabetes."
milk,treats,coronary heart disease,"Numerous epidemiological studies have revealed that high consumption of milk and dairy products may have protective effects against coronary heart disease (CHD), stroke, diabetes, certain cancers (such as colorectal and bladder cancers), and dementia, although the mechanisms of action are unclear."
fermented foods,treats,gut dysbiosis,"Regular consumption of fermented foods (e.g., kimchi, kefir, etc.) may represent a potential avenue to counter the proinflammatory effects of gut dysbiosis."
olive oil,treats,murine collagen-induced arthritis,"Hydroxytyrosol acetate (HT-AC), a polyphenolic compound in olive oil, exerts an anti-inflammatory effect on murine collagen-induced arthritis."
fruits,treats,degenerative diseases,"Several studies have shown that a high consumption of vegetables and fruits is consistently associated with a low risk of oxidative stress-induced diseases, which includes some degenerative diseases such as amyotrophic lateral sclerosis, Alzheimer and Parkinson."
alcoholics,causes,osteopenia,Osteopenia or osteoporosis occurs frequently in alcoholics and patients with alcoholic fatty liver disease.
sugar,causes,caries,"Many diseases, including caries, chronic inflammatory diseases, diabetes, and obesity, are associated with uncontrolled sugar consumption."
extra-virgin olive oil,treats,breast and colon cancers,"Epidemiological and clinical studies compellingly documented the ability of Mediterranean diet rich in extra-virgin olive oil (EVOO) to reduce breast and colon cancers incidence, cardiovascular diseases, and aging cognitive functions decline."
fruit,treats,inflammation,Fruit and vegetables are still not being eaten in adequate amounts and yet contain micronutrients and phytochemicals useful for bone remodelling (bone formation and resorption) and are essential for reducing inflammation and oxidative stress.
alcoholic beverages,treats,dementia,Moderate consumption of alcoholic beverages reduces the risk of dementia and cognitive decline.
ginger,treats,inflammation,Ginger as an anti-oxidant and anti-inflammation can effect on these biomarkers.
tofu,causes,dementia,"In older people in Indonesia, Hawai'i and China, tofu, which can contain high levels of phytoestrogens, was found to increase dementia risk."
walnuts,treats,alzheimer's disease,Our previous study has shown beneficial effects of walnuts on memory and learning skills in transgenic mouse model of Alzheimer's disease (AD-tg).
mediterranean diet,treats,ischemic heart disease,"With the famous Seven Countries Study, Keys demonstrated for the first time that populations practicing a Mediterranean diet - such as the Greeks and southern Italians - showed low mortality rates from ischemic heart disease compared to the peoples of Northern Europe and North America."
olea europaea,treats,inflammation,Bioactive extracts from Olea europaea have anti-inflammatory activity and have been shown to reduce systemic inflammation in other animal models.
fruits,treats,kidney stones,Various human studies have suggested that diets with a higher intake of vegetables and fruits play a role in the prevention of kidney stones.
olive oil,treats,carcinogenic,"The beneficial effects of olive oil phenols attributed to a variety of biological activities including free radical scavenging/antioxidant actions, anti-inflammatory effects, anti-carcinogenic properties, and anti-microbial activities."
vegetables,treats,kidney stones,"Available scientific evidence agrees on the harmful effects of high meat/animal protein intake and low calcium diets, whereas high content of fruits and vegetables associated with a balanced intake of low-fat dairy products carries the lowest risk for incident kidney stones."
fruit,treats,hypertension,"An increased consumption of vegetables and fruit reduces the risk of hypertension, coronary heart disease, stroke, and cancer."
salt,causes,death and disability,Diets high in salt are a leading risk for death and disability globally.
milk,treats,cognitive impairment,Milk and other dairy products may contribute to the prevention of physical and cognitive impairment.
wheat flour,treats,neural tube defects,"The mandatory fortification of enriched cereal grains (e.g., wheat flour) with folic acid, which began in the United States in 1998, is an example of a successful intervention that significantly reduced the rate of neural tube defects (NTDs)."
cereal,treats,coronary disease,"The soluble dietary fiber (1-3)(1-4) mixed linked ÃÂÃÂÃÂÃÂ²-D-glucan from cereal grains is a valuable component of a healthy diet, which reduces risks of coronary disease and diabetes."
licorice,treats,neurodegenerative diseases,"Extensive research over the last 10 years has indicated that nutraceuticals derived from such spices as turmeric, red pepper, black pepper, licorice, clove, ginger, garlic, coriander, and cinnamon target inflammatory pathways, thereby may prevent neurodegenerative diseases."
olive oil,treats,cvds,"Polyphenols of olive oil (OO), virgin olive oil (VOO), and extra virgin olive oil contribute an essential role for the management of CVDs."
fruits,treats,heart disease,"Nuts, whole grains, fruits, and vegetables contain an abundance of phenolic compounds, terpenoids, pigments, and other natural antioxidants that have been associated with protection from and/or treatment of chronic disease such as heart disease, cancer, diabetes, and hypertension as well as other medical conditions."
ginkgo biloba,treats,cough,"Ginkgo biloba has long been used in ancient China for the treatment of cough, asthma, and other lung diseases."
shrimp,causes,allergy,"In 2.8% of the control group, the ISAC-test failed to detect an allergy sensitization caused by dust mite, shrimp, Anisakis, or seed storage proteins."
bertholletia excelsa,treats,cognitive decline,"Previously, supplementation with a selenium-rich Brazil nut (Bertholletia excelsa) has shown potential in reducing cognitive decline in MCI patients, and could prove to be a safe and effective nutritional approach early in the disease process to slow decline."
broccoli,treats,cartilage destruction,"We have previously demonstrated that sulforaphane, a dietary isothiocyanate derived from its glucosinolate precursor which is found in broccoli, can prevent cartilage destruction in cells, in in vitro and in vivo models of osteoarthritis."
fig,causes,allergy,We describe the first case of fig allergy that occurred as a cross-reactivity between fig and Derp 1.
hard water,treats,atopic dermatitis,"This review summarizes the mechanism and effects of Dead Sea salt, hard water, commercial baby cleansers, oatmeal, rice, and natural oils as bathing additives for the treatment of atopic dermatitis."
eicosapentaenoic acid,treats,neurodegenerative diseases,"Omega-3 polyunsaturated fatty acids (n-3 PUFAs), docosahexaenoic acid (DHA) and eicosapentaenoic acid (EPA), have been reported to prevent neurodegenerative diseases such as Alzheimer's disease (AD) in both experimental and clinical/epidemiological studies."
whey protein,treats,lipemia,"Recently, we demonstrated that whey protein (WP) combined with low dietary fiber improved lipemia, a risk factor for cardiovascular disease in subjects with abdominal obesity."
mollusks,treats,osteoporosis,"In vitro cell cultures and in vivo animal osteoporosis models have demonstrated the potential for seafood-derived SBPs, including fish, mollusks, crustaceans, seaweed and microalgae, in preventing osteoporosis."
peanut oil,treats,ad,"Some bath oils and skin creams used for treating AD contain peanut oil, and it has been suggested that exposure to peanut allergens through a disrupted skin barrier is a potential cause of PA."
ginkgo biloba,treats,peripheral vascular disease,"The extract from Ginkgo biloba leaves has become a very popular plant medicine and herbal supplement for its potential benefit in alleviating symptoms associated with peripheral vascular disease, dementia, asthma and tinnitus."
fat and high-calorie foods,causes,obesity,"Also, excessive intake of fat and high-calorie foods is also related to the development of obesity, which contributes to the development of CVD."
native olive oil,treats,stroke,"The only evidence from randomised controlled trials is, that a mediterranean diet with nuts and/or native olive oil considerably reduces stroke risk by 47% respectively 31%, however not the risk of myocardial infarction and death."
vaccinium macrocarpon,treats,urinary tract infections,"Younger women will use botanicals for urinary tract infections, especially Vaccinium macrocarpon (cranberry), where there is evidence for efficacy."
ginger,treats,nausea,Vitamin B6 and ginger are both effective for nausea and vomiting in early pregnancy.
diet,causes,hypercholesterolemia,"Hypercholesterolemia, also called high cholesterol, is a form of hyperlipidemia, which may be a consequence of diet, obesity or diabetes."
fruit of lycium chinense (lc),treats,musculoskeletal diseases,"The fruit of Lycium chinense (LC), one of the most popular natural materials, has been used to counter the effects of musculoskeletal diseases in oriental medicine."
ginger,treats,diabetes mellitus,"Ginger is an important medicinal herb has numerous bioactive components and is used in the management, control and/or treatment of diseases including diabetes mellitus."
high protein diets,causes,bone loss,"High protein diets are believed to cause kidney stone formation and bone loss, but the mechanisms mediating these changes are unknown."
diosgenin,treats,axonal atrophy,"Diosgenin, a yam-derived compound, was found to facilitate the repair of axonal atrophy and synaptic degeneration and improve memory dysfunction in a transgenic mouse model of Alzheimer's disease (AD)."
well-balanced diet,treats,osteoporosis,"Health claims describe the relation between a food substance and the risk of disease, e.g., ""Adequate calcium and vitamin D throughout life, as part of a well-balanced diet, may reduce the risk of osteoporosis."
almond,causes,allergy,Oral food challenges have demonstrated that diagnosis of almond allergy based on extract-sIgE tests display low specificity.
ginger,treats,ailments,Ginger (from the rizhome of Zingiber officinale Roscoe) has been widely used in ethnomedicine for the cure of several ailments.
ammonia,causes,respiratory symptoms,"High endotoxin, ammonia, and dust levels contribute to acute and chronic respiratory symptoms in people who work in these settings."
beer,treats,memory impairment,"We have previously demonstrated that iso-ÃÂÃÂÃÂÃÂ±-acids (IAAs), the hop-derived bitter components in beer, improve memory impairment in aged and Alzheimer's disease mouse models."
trigonella foenum-graecum,causes,hypoglycemic,"Trigonella foenum-graecum (fenugreek) has been reported to have hypoglycemic, hypocholesterolemic, hyperinsulinemic and anti-diabetic properties."
olives,treats,inflammation,"Consumption of olives (Olea europaea L.), including table olives and oil, is associated with low incidence of inflammation-related diseases."
improved nutrition,treats,inflammation,"The nutrition pyramid described in our narrative review is hypothetical, even in light of several limitations of the present review; the main limitation is the fact that to date there are no randomized controlled trials in the literature clearly showing that improved nutrition, via the regulation of carbon dioxide produced/oxygen consumed, inflammation and oxidative stress, improves symptoms and/or progression of COPD."
processed meat,causes,type ii diabetes,"The intake of processed meat has been associated with several adverse health outcomes such as type II diabetes and cancer; however, the mechanisms are not fully understood."
nutrition,treats,ad,"Accumulating evidence suggests that nutrition (e.g., via fruit, vegetables, fish) is important for optimizing cognition and reducing risk of AD."
fruits,causes,allergies,"Recently, the prevalence of food allergies during childhood is increasing, with fruits being common allergens."
cigarette smoke,causes,neurological diseases,"Exposure to cigarette smoke (CS) is associated with an increased risk of several neurological diseases such as stroke, Alzheimer's disease, and dementia."
ultra-processed products ( up ),causes,arterial hypertension,"The consumption of ultra-processed products (UP) is associated with many diseases in the adult, such as arterial hypertension, diabetes, or asthma."
salt,causes,cerebrovascular disease,"The decreasing mortality rates from cerebrovascular disease are thought to reflect the increases in animal foods, milk, and dairy products and consequently in saturated fatty acids and calcium, together with a decrease in salt intake which may have led to a decrease in blood pressure."
salt,treats,stone recurrence in hypercalciuric renal stone formers,A diet based on a adequate intake of calcium (1000-1200 mg per day) and containment of animal protein and salt can decrease significantly urinary supersaturation for calcium oxalate and reduce the relative risk of stone recurrence in hypercalciuric renal stone formers.
olive oil,treats,osteoporosis,"The reported incidence of osteoporosis is lower in countries in which the Mediterranean diet predominates, and this apparent relationship may be mediated by the phenolic compounds present in olive oil."
nickel,causes,allergy,Nickel is the most common cause of contact allergy in the general population and the most frequently detected allergen in patients patch tested for suspected allergic contact dermatitis (ACD).
allium sativa ( garlic ),causes,intra vascularhaemolytic anaemia,"Despite the high acceptability of Allium sativa (Garlic) as a remedy for many diseases as earlier stated by manyresearchers, previous studies have shown that chronic and unregulated consumption of garlic may result to intra vascularhaemolytic anaemia in rats."
low diet quality,causes,micronutrient malnutrition,Low diet quality is a driver of general and micronutrient malnutrition in urban and rural areas.
certain foods,causes,obesity,"Portion sizes for certain foods have been increasing dramatically in recent years alongside obesity rates, concurring with the phenomenon of the portion size effect (more is consumed when more is offered)."
fresh tomato juice,treats,hypocitraturic recurrent stone formers,"Fresh tomato juice may be useful in hypocitraturic recurrent stone formers due to its high content of citrate and magnesium, and low content of sodium and oxalate."
dark tea,treats,degenerative diseases,Dark tea has a significant effect on the prevention and treatment of age-related degenerative diseases.
peanut,causes,allergies,The characteristics of tree nuts (TNs) and peanut (PN) allergies vary in different regions of the world.
dairy products,causes,cardiometabolic diseases,Dairy products contain both beneficial and harmful nutrients in relation to cardiometabolic diseases.
dairy products,treats,cardiometabolic diseases,Dairy products contain both beneficial and harmful nutrients in relation to cardiometabolic diseases.
wheat,causes,food allergy,"Food allergy is a common disease caused by the intake of allergen-containing foods, such as milk, eggs, peanuts, and wheat."
fish oil,treats,alzheimer's disease,Long-term fish oil (FO) supplementation is able to improve Alzheimer's disease (AD) pathology.
increased olive oil consumption,treats,cardiovascular disease,"Increased olive oil consumption is implicated in a reduction in cardiovascular disease, rheumatoid arthritis, and, to a lesser extent, a variety of cancers."
buckwheat flour,causes,allergy to buckwheat,"Three cooks, two bakers, and a worker in a grocery store were occupationally exposed to buckwheat flour and developed immediate allergy to buckwheat, which was confirmed by skin prick testing and measurement of specific immunoglobulin E antibodies."
dark chocolate,treats,t2d,"While it could be suggested that daily consumption of flavanols from cocoa or dark chocolate would constitute a potential preventive tool useful for the nutritional management of T2D, this recommendation should be cautious since most of commercially available soluble cocoa products or chocolates contain low amount of flavanols and are rich in sugar and calories that may aggravate glycaemic control in T2D patients."
tea,treats,osteoporosis,"Tea drinking has positive effects on bone health and may prevent and treat osteoporosis, especially in older and postmenopausal women."
certain foods,treats,asthma,Consumption of certain foods during pregnancy has been shown to have beneficial effects on childhood asthma and allergic disease development and aggravation.
micronutrient powders,treats,anaemia,"Home fortification with micronutrient powders (MNP) has been shown to reduce anaemia, with high overall acceptability and adherence, but there is limited evidence from West Africa."
walnut,causes,allergic reactions,"Jug r 1, the major allergen of walnut, triggers severe allergic reactions through epitopes."
vegetable-based diet,treats,vcind,"A high level of education, manual-work, low level of alcohol use, regular health checks, a vegetable-based diet, and more fruit and milk were protective factors for VCIND."
welsh onion,treats,abdominal pain,"Allium fistulosum (Welsh onion) is a traditional medicinal plant used for the treatment of colds, influenza, abdominal pain, headache, and heart disease."
garlic,treats,cancers,There is a strong belief that garlic has medicinal properties and may even reduce the risk of developing certain cancers including those of the gastrointestinal tract.
milk,treats,airway obstruction,"The hypothesis that vitamin A, or foods rich in vitamin A such as milk, protects against the development of airway obstruction was tested in a subsample of data from the 1971-1975 National Health and Nutrition Examination Survey."
cigarette smoke,causes,heart disease,"Cigarette smoke (CS) causes about 480,000 deaths each year worldwide and is well-known to have harmful effects on the human body, leading to heart disease, stroke, lung cancer, and cardiovascular problems."
experimental drug,treats,ra,"As only 10% of experimental drug candidates for treatment of RA that enter phase I trials are eventually registered by the Food and Drug Administration, there is an immediate need for translational tools to facilitate early decision-making in drug development."
red yeast rice,treats,blood stasis,Red yeast rice is a food fermentation product widely used to promote blood circulation and remove blood stasis.
fruits,treats,asthma,"fruits (CU) has long been used as a traditional medicine that has therapeutic effects against pathogenic diseases, including asthma, vomiting, dyspepsia, blood circulation disorders, and various types of cancer."
chicken meat,treats,osteoporosis,Proteins and peptides in chicken meat and bones are known for being rich in functional and nutritional ingredients for the improvement of osteoporosis.
whole milk,treats,hypertension,"Calcium, bioactive peptides and as yet unidentified components in whole milk may protect from hypertension, and folic acid, vitamin B6 (pyridoxine) and B12 (cyanocobalamin) or other unidentified components of skim milk may contribute to low homocysteine levels."
high carbohydrate diets,causes,nephrolithiasis,"Based on these observations, some investigators believe that long term intake of high carbohydrate diets may increase the risk of nephrolithiasis and possibly osteoporosis."
sugar,causes,ad,"The origin of AD is multifactorial, and many metabolic disorders originating from overconsumption of fat, cholesterol, and sugar are associated with higher risk of AD later in life."
bread,causes,glycemic,"Bread is a staple food for majority of the people worldwide, but it has a high glycemic effect."
calcium,causes,hypercalciuria,"Although calcium supplementation can cause hypercalciuria, the risk of nephrolithiasis has been shown to decrease rather than increase among subjects who had a higher calcium intake."
zingiber officinale,treats,type 2 diabetes mellitus,Zingiber officinale is being used as diet-based therapy because of its wide therapeutic potential in type 2 diabetes mellitus (T2DM) and against diabetic complications by directly interacting with different molecular and cellular pathways that provoke the pathogenesis of T2DM.
malnutrition,causes,cardiovascular disease,"Malnutrition is a condition most commonly arising from the inadequate consumption of nutrients necessary to maintain physiological health and is associated with the development of cardiovascular disease, osteoporosis, and sarcopenia."
tea polyphenols,treats,cancer,"Tea polyphenols are known to prevent various ailments like cancer, atherosclerosis, hypertension and diabetes."
millet,causes,urinary tract stones,"The predominant urinary tract stones in the tribal Satpura belt are bladder stones and may be related to poor nutrition, low socioeconomic status and consumption of bajra (millet) as staple food as found in this region (93.5%)."
garlic,treats,colon carcinogenesis,"Diallyl disulfide (DADS), a sulfur compound derived from garlic, has been shown to have protective effects against colon carcinogenesis in several studies performed in rodent models."
eggs,causes,allergic reaction,"Eggs and their derived products are common foods that can induce food allergic reaction, especially in children."
extra virgin olive oil,treats,neurodegenerative disorders,"In the central nervous system (CNS), extra virgin olive oil (EVOO) produces interesting effects against neurodegenerative disorders including Alzheimer's disease (AD)."
wheat flour,treats,anaemia,Fortification of wheat flour is deemed a useful strategy to reduce anaemia in populations.
fruit,treats,urolithiasis,"Regarding food, intake of fruit correlated negatively with the incidence of urolithiasis (r = -0.721, p = 0.008), while intake of eggs (r = 0.537, p = 0.072) and sugar (r = 0.475, p = 0.119) tended to positively correlate with incidence."
capsicum,treats,hyperglycemia,All evaluated pepper (Capsicum) genus exhibited both anti-hyperglycemia and anti-hypertension potential.
milk,causes,allergies,"Allergies to peanuts are particularly worrisome as unlike allergies to other allergenic foods, such as milk and egg, which are commonly outgrown by 5 or 10 years of age, 80% of peanut allergies persist into adulthood."
breadfruit,treats,diabetes,Breadfruit is a traditional staple crop from Pacific islands with the potential to improve worldwide food security and mitigate diabetes.
fruit,treats,coronary heart disease,Fruit and vegetable (FV) intake is recommended for the prevention of coronary heart disease (CHD).
ginger root,treats,carcinogenic,"Zingerone, a major component found in ginger root, has been known as anti-mutagenic and anti-carcinogenic activities that are often associated with its anti-oxidative and anti-inflammatory activities."
butter flavoring additive diacetyl ( da ),causes,bronchiolitis obliterans,"The butter flavoring additive diacetyl (DA), can cause bronchiolitis obliterans (BO) by inhalation."
wheat,causes,baker's rhinitis,Baker's rhinitis is a kind of occupational allergic rhinitis mainly caused by intranasal exposure to wheat and/or rye flour in bakery workers.
blueberries,treats,obesity-linked metabolic diseases,"Blueberry consumption can prevent obesity-linked metabolic diseases, and it has been proposed that the polyphenol content of blueberries may contribute to these effects."
cereals,causes,hypersensitivity,Hypersensitivity to cereals may occur via inhalation or ingestion.
gambogic acid,treats,osteoporosis,"The nutraceuticals identified from dietary agents such as butein, cardamonin, coronarin D curcumin, diosgenin, embelin, gambogic acid, genistein, plumbagin, quercetin, reseveratrol, zerumbone and more, can modulate cell signaling pathways and reverse/slow down osteoporosis."
grape seed procyanidin b2 ( gspb2 ),treats,hepatic damage of diabetes,Our previous studies have verified that grape seed procyanidin B2 (GSPB2) played a protective effect on hepatic damage of diabetes.
fruit consumption,treats,cardiovascular disease,"In Western populations, a higher level of fruit consumption has been associated with a lower risk of cardiovascular disease, but little is known about such associations in China, where the consumption level is low and rates of stroke are high."
breast milk,treats,infections,Breast milk is not only a completely adapted nutrition source for the newborn but also an impressive array of immune-active molecules that afford protection against infections and shape mucosal immune responses.
diets rich in (poly)phenols,treats,cardiovascular disorders,Diets rich in (poly)phenols are associated with a reduced reduction in the incidence of cardiovascular disorders.
eucalyptus oil,treats,bronchitis,"Eucalyptol (1,8-cineole), the major constituent of eucalyptus oil (EO), was used in traditional medicine as a remedy for colds and bronchitis."
curcuma longa,treats,wound,"Curcumin is a naturally occurring polyphenol found in Curcuma longa with multiple therapeutic properties, such as anti-inflammatory, wound healing and anti-cancer effects."
fruit of alpinia oxyphylla,treats,dementia,The fruit of Alpinia oxyphylla is often used in traditional Chinese medicine to treat dementia and memory defects.
mushrooms,treats,alzheimer's disease,Mushrooms have been reported in folklore for the management of Alzheimer's disease (AD) and diabetes with limited scientific prove.
dietary sugar,causes,dental caries,"Dietary sugar, especially in liquid form, increases risk of dental caries, adiposity, and type 2 diabetes."
olive oil consumption,treats,osteoporosis,Rates of osteoporosis are significantly lower in regions of the world where olive oil consumption is a dietary cornerstone.
extra-virgin olive oil,treats,alzheimer's disease,Previous evidence suggested that extra-virgin olive oil (EVOO) is linked to attenuating amyloid-ÃÂÃÂÃÂÃÂ² (AÃÂÃÂÃÂÃÂ²) pathology and improving cognitive function in Alzheimer's disease (AD) mouse models.
beer consumed,treats,kidney stones,"Beer consumption was inversely associated with risk of kidney stones; each bottle of beer consumed per day was estimated to reduce risk by 40% (RR = 0.60, 95% CI 0.47-0.76)."
aerosolized crab allergens,causes,asthma,Aerosolized crab allergens are suspected etiologic agents for asthma among crab-processing workers.
maize,treats,neural tube defects,Wheat and maize (corn) flour are staple crops consumed widely throughout the world and have been fortified with folic acid in over 80 countries to prevent neural tube defects.
flour,causes,occupational diseases,Bakers are exposed daily to flour and may be susceptible to immunologic occupational diseases.
folic acid,treats,neural tube birth defect,Periconceptional intake of folic acid is known to reduce a woman's risk of having an infant affected by a neural tube birth defect (NTD).
rice fortification,treats,micronutrient deficiencies,Rice fortification with vitamins and minerals has the potential to increase the nutrition in rice-consuming countries where micronutrient deficiencies exist.
chemotherapy drugs,causes,hypersensitivity,"New symptoms of hypersensitivity caused by chemotherapy drugs, monoclonal antibodies, and biological agents have been suggested to be recognized as anaphylaxis phenotypes."
tea,treats,type 2 diabetes,"Tea is cultivated around the world, and its polysaccharide components are reported to be an effective approach for managing type 2 diabetes with fewer adverse effects than medication."
milk,treats,chronic diseases,"Milk and milk product intake is associated with better diet quality and has been associated with a reduced risk of chronic diseases or conditions including hypertension, cardiovascular disease, metabolic syndrome, Type 2 Diabetes and osteoporosis."
cherries,treats,gout,"Cherries, which are rich in anti-inflammatory and antioxidative bioactive compounds, are proposed to be efficacious in preventing and treating gout, but recommendations to patients are conflicting."
oolong tea,treats,cancer,"Evidence regarding the health benefits of oolong tea consumption is accumulating, and tea polyphenols have various pharmacological properties such as anti-cancer and anti-diabetes effects."
plant-based foods and beverages,treats,vascular damage,"Flavonoids, compounds found in plant-based foods and beverages, might ameliorate vascular damage and atherosclerosis."
indian yellow curry,treats,cancer,"Curcumin, a compound found in Indian yellow curry, is known to possess various biological activities, including anti-oxidant, anti-inflammatory, and anti-cancer activities."
food additives,causes,senile dementia of alzheimer 's type,"Aluminum is a constituent of antacids, deodorants, kitchenware and food additives which allows easy access into the body posing risk to development of senile dementia of Alzheimer's type."
folic acid,treats,stroke,"The CSPPT (China Stroke Primary Prevention Trial) demonstrated a significant risk reduction of first stroke in hypertensive patients treated with enalapril plus folic acid compared with those with enalapril alone, but the lifetime stroke-free survival associated with the treatment is unknown."
extra-virgin olive oil,treats,multiple diseases,"Epidemiological and clinical studies compellingly showed the ability of Mediterranean diet rich in extra-virgin olive oil (EVOO) to reduce multiple diseases such as cancer, cardiovascular diseases, and aging cognitive functions decline."
extra virgin olive oil,treats,human diseases,"Among the phenolic compounds extracted from extra virgin olive oil, oleocanthal (1) has attracted considerable attention in the modulation of many human diseases, such as inflammation and Alzheimer's disease (AD)."
flour,causes,asthma,Asthma could be induced by inhaled flour or by exposure to allergens present in bakery products.
processed foods,causes,autoimmune diseases,"Among these, dietary habits, and especially an excessive salt, typical of processed foods, has been implicated in the development of autoimmune diseases."
whey protein (wp),treats,hypertension,"Besides their nutritional value, whey protein (WP) peptides are food components retaining important pharmacological properties for controlling hypertension."
wheat,causes,coeliac disease,"Wheat is one of the major crops grown, processed and consumed by humankind and is associated with both intolerances (notably coeliac disease) and allergies."
salt,causes,calcium oxalate urolithiasis,Dietary excesses in animal protein and/or salt have been implicated as risk factors in calcium oxalate urolithiasis.
various foods,treats,neurodegenerative diseases,"Many reports have indicated that luteolin, a flavone found in various foods, has preventive and therapeutic value for neurodegenerative diseases including AD."
beer,treats,ad,"High levels of consumption (>92 times/month) of fermented foods such as doenjang, chungkookjang, kimchi, fermented seafood, makgeolli, and beer were associated with a lower prevalence of AD (OR, 0.56; 95% confidence interval [CI], 0.37-0.84)."
black mulberry fruits,treats,cardiovascular diseases,Black mulberry fruits are traditionally used in Uyghur folk medicine for the prevention and treatment of cardiovascular diseases in southern Xinjiang region of China.
cinnamon,treats,obesity,"Other structurally homologous nutraceuticals, derived from red chili, cinnamon, cloves, black pepper, and ginger, also exhibit effects against obesity and insulin resistance."
star anise,treats,skin inflammation,"f. (star anise) has been used in traditional medicine for treatment of skin inflammation, rheumatism, asthma, and bronchitis."
zingiber officinale,treats,hyperglycemia,"[6]-Gingerol, a major component of Zingiber officinale, was previously reported to ameliorate hyperglycemia in type 2 diabetic mice."
wheat,causes,baker's asthma,"Wheat is a potent allergen source and is one of the causes of baker's asthma, food and pollen allergy."
ginger,treats,"diabetic liver, kidney, eye, and neural system complications","Ginger has shown prominent protective effects on diabetic liver, kidney, eye, and neural system complications."
beer,treats,alzheimer's disease,"We have previously demonstrated that the consumption of iso-ÃÂÃÂÃÂÃÂ±-acids (IAA), which are hop-derived bitter compounds in beer, prevents the formation of disease pathology in a transgenic mouse model of Alzheimer's disease (AD)."
high fructose corn syrup sweetened soft drink,causes,asthma,High fructose corn syrup (HFCS) sweetened soft drink intake has been linked with asthma in US high-schoolers.
onion,causes,dermatitis,"Onion (Allium cepa) handling can induce contact dermatitis, rhinoconjunctivitis and asthma."
extra-virgin olive oil,treats,vascular disease,"The authors base their hypothesis on meta-analyses of epidemiological data, numerous experimental studies, and a comprehensive review of the mechanisms of action of extra-virgin olive oil and its components in the prevention of vascular disease."
mediterranean diet,treats,cardiovascular diseases,The Mediterranean diet has been associated with lower mortality and lower risk of cardiovascular diseases and cancer.
food additives,causes,foodallergies,"The article presents data on causally significant food allergens and food additives that cause the development of food allergies, as well as information on the main food proteins and their components involved in the formation of cross-reactivity."
honeybush tea,treats,hyperglycemia,These results imply that the sequential extracts of honeybush tea (particularly the aqueous and ethyl acetate extracts) may not only exhibit antioxidant potentials but also mediate anti-hyperglycemia activities by inhibiting lipid and carbohydrate digestion.
very-low-cho diets,causes,weight loss,"Historically, low-carbohydrate (CHO) and very-low-CHO diets have been used for weight loss."
fava beans,causes,haemotoxicity,"Fava beans (FBs) have long been used as food, and their principal disadvantage is derived from their haemotoxicity."
raspberries,treats,pain,"In this context, commonly available fruits, such as blueberries, raspberries and strawberries, and pomegranates have shown promising results in reducing pain and inflammation in experimental models and in human clinical studies of arthritis."
eicosapentaenoic acid,treats,metabolic disorders,"Dietary n-3 fatty acids, especially of marine origin, eicosapentaenoic acid (20:5n-3) and docosahexaenoic acid (22:6n-3), have always been lauded for their profound effects on regulating the risk factors for major metabolic disorders."
mustard,causes,allergies,"Peanuts and nuts cause a great part of allergies in the United States; in Spain and Portugal are commonly due to fish, milk; in Italy seafood and mustard in France."
peanut,causes,anaphylaxis,Peanut allergy affects 3% of Australian children and has a higher risk of anaphylaxis than most food allergies.
extra virgin olive oil,treats,myocardial infarction,"In this context, extra virgin olive oil (EVOO), the most representative component of this diet, seems to be relevant in lowering the incidence of cardiovascular events, including myocardial infarction and stroke."
beer,treats,inflammation,"We previously demonstrated that the consumption of iso-ÃÂÃÂÃÂÃÂ±-acids (IAA), the hop-derived bitter compounds in beer, prevents inflammation and Alzheimer's disease pathology in model mice."
allium,treats,cancers,Many epidemiological studies support the protective role of garlic and related allium foods against the development of certain human cancers.
ginger,treats,alzheimer's disease,Ginger has been reportedly used for the management or treatment of Alzheimer's disease in folklore medicine.
extra-virgin olive oil,treats,inflammatory diseases,Current experimental studies support a beneficial role of extra-virgin olive oil (EVOO) in several inflammatory diseases.
pistachio,causes,allergic reactions,"Pistachio and cashew nut, which belong to the same botanical family, are tree nuts that induce serious allergic reactions."
beer,treats,chronic diseases,"In beer, the variety and concentration of bioactive compounds in the non-alcoholic fraction suggests that its consumption at moderate levels may not only be harmless but could also positively contribute to an improvement of certain physiological states and be also useful in the prevention of different chronic diseases."
cabbage,causes,migraine attacks,"Migraine attacks have been produced most frequently by cow milk (in 10 out of 17 patients), cabbage, flour and eggs in 5 patients, preservatives, cottage and Swiss cheese, porcine meat in 4 patients, colorants and chocolate in 3 patients, beef, strawberries, lemons and butter in 2 patients."
pistachio,causes,allergic,"Pistachio and cashew contain allergenic proteins, which causes them to be removed from the diet of allergic people."
glycemic load (gl) diet,causes,cardiovascular mortality,Recent epidemiologic studies have found that a high glycemic index (GI) and glycemic load (GL) diet are associated with a higher risk for metabolic complications and cardiovascular mortality.
lemon,treats,alzheimer's disease,"Therefore, this study presents the neuroprotective potentials of lemon and tangerine peels-derived EOs, and the possibility of their exploration as neuroactive agents and alternative in the management of Alzheimer's disease (AD)."
maslinic acid,treats,hyperglycaemia,"Bredemolic acid (BA), an isomer of maslinic acid, has been reported to ameliorate the intermediate hyperglycaemia found in prediabetes; however, the effects of this triterpene on cardiovascular function have not yet been determined."
yogurt,treats,cardiovascular disease,"The consumption of dairy, including milk, cheese and yogurt, has been associated with better quality of diet and reduced risk of cardiovascular disease, the leading cause of death globally."
"salt (sodium chloride, nacl)",causes,moisture loss,"Salt (sodium chloride, NaCl) is commonly used in ready-to-eat (RTE) meat products such as biltong, a South African style dried beef product for flavor, enhanced moisture loss, and reduction of microbial growth."
fruits,treats,neurodegenerative diseases,"Epidemiological studies have shown that consumption of diets rich in antioxidant and anti-inflammatory agents, such as those found in fruits and vegetables, may lower the risk of developing age-related neurodegenerative diseases such as Parkinson's disease and Alzheimer's disease."
cinnamomum,treats,dyspepsia,"Cinnamomum cassia (C. cassia, Lauraceae family), commonly used for treating dyspepsia, gastritis, blood circulation, and inflammatory diseases is considered as one of the 50 fundamental herbs in traditional Chinese medicine."
milk thistle extracts,treats,liver cirrhosis,"Milk thistle extracts have been used as medicinal herbs in the treatment of liver cirrhosis, chronic hepatitis (liver inflammation), and gallbladder disorders."
garlic,causes,hemolytic anemia,"We recently identified sodium n-propyl thiosulfate (NPTS) and sodium 2-propenyl thiosulfate (2PTS) from boiled onion and garlic, respectively, as causative agents of hemolytic anemia in dogs."
olive oil,treats,stroke,"A Cretan Mediterranean diet, high in olive oil, whole grains, fruits, vegetables and legumes, and low in cholesterol and saturated fat, can reduce stroke by 40% or more in high-risk patients."
sugar,causes,osteoporosis,"However, the other ubiquitous white crystal, sugar, may lead to osteoporosis by increasing inflammation, hyperinsulinemia, increased renal acid load, reduced calcium intake, and increased urinary calcium excretion."
ginger,treats,human ailments,"Besides its food-additive functions, ginger has a long history of medicinal use for the treatment of a variety of human ailments including common colds, fever, rheumatic disorders, gastrointestinal complications, motion sickness, diabetes, cancer, etc."
calorie-dense diet,causes,obesity,Calorie-dense diet is a main driver of the global epidemics of obesity and type 2 diabetes (T2DM).
citrus fruits,treats,metabolic syndrome,Citrus fruits are known for their beneficial health effects associated with the prevention of metabolic syndrome/type 2 diabetes that is mainly attributed to flavonoids.
psidium guajava,treats,cancer,"Psidium Guajava is a promising functional food against cancer, owing to a variety of bioactive compounds."
tea,treats,coronary disease,"Flavonoid antioxidants with 2- or 3-phenylchroman structures such as quercetin, kaempferol, myricetin, apigenin, and luteolin, constituents of fruits, vegetables, tea, and wine, which may reduce coronary disease and cancer, are described."
food rich in saturated fat,causes,chd,"The basis of this recommendation is the 'diet-heart hypothesis', which postulates that consumption of food rich in saturated fat increases serum cholesterol levels, which increases risk of CHD."
beer,treats,cognitive impairment,"Previously, we demonstrated that iso-ÃÂÃÂÃÂÃÂ±-acids, the hop-derived bitter components in beer, prevent cognitive impairment in an Alzheimer's disease mouse model."
drugs,causes,cutis laxa,"In most cases, acquired cutis laxa is associated with neoplasms, drugs, and autoimmune diseases."
antiepileptic drugs,causes,epilepsy,Adults aged 50 years and older with epilepsy face an increased risk of fracture associated both with age and with the use of antiepileptic drugs.
docosahexaenoic acid,treats,tumour,Docosahexaenoic acid (DHA) has been shown to reduce tumour growth in preclinical models when combined with chemotherapy and is known to beneficially modulate systemic immune function.
gastrointestinal ( gi ) protective drugs,treats,ra,Patients with RA commonly use gastrointestinal (GI) protective drugs for treatment and prevention of drug-associated GI injuries.
meat protein,causes,heart disease,Meat protein is associated with an increase in risk of heart disease.
protein-containing dust,causes,respiratory diseases,Influence of protein-containing dust on the workers results in respiratory diseases.
sucrose,causes,hyperuricaemia,"In addition to sucrose and high fructose corn syrup, fresh fruits also contain fructose, suggesting that patients with hyperuricaemia or gout might also avoid fresh fruit."
olive oil,treats,ckd,"Plant nutrients and plant-based diets could have beneficial effects in patients with CKD: increased fibre intake shifts the gut microbiota towards reduced production of uraemic toxins; plant fats, particularly olive oil, have anti-atherogenic effects; plant anions might mitigate metabolic acidosis and slow CKD progression; and as plant phosphorus has a lower bioavailability than animal phosphorus, plant-based diets might enable better control of hyperphosphataemia."
red yeast rice,treats,coronary heart disease,"Xuezhikang (XZK), an extract derived from red yeast rice, is commonly employed as a traditional Chinese medicine for treating coronary heart disease, improving endothelial function, decreasing blood lipids and preventing other cardiovascular events both within China and globally."
garlic,treats,carcinogenesis,"The health benefits of garlic, including inhibition of carcinogenesis, are supported by several epidemiologic and laboratory findings."
additives to food and water,treats,cancer,"Environmental pollutants, such as pesticides, herbicides, additives to food and water, and electromagnetic fields threaten public health by promotion of cancer, heart disease and chronic diseases of aging."
diets with high fat and carbohydrate content,causes,obesity,"Among other factors, diets with high fat and carbohydrate content have been implicated in obesity."
garlic,treats,"stomach, colorectal, breast cancer","Evidence supports the protective effects of garlic in stomach, colorectal, breast cancer in humans."
milk,causes,ovarian carcinoma,The intake of milk and milk products could increase the risk of ovarian carcinoma.
poor diet,causes,obesity,"Poor diet is responsible for more deaths worldwide than any other risk factor, and is a leading cause of obesity, type 2 diabetes, and cardiovascular disease (CVD)."
cow's milk protein,causes,allergy,"Cow's milk protein allergy, which occurs in approximately 5-10% of the population of infants and children, has become an important public food safety problem."
traditional italian diet,treats,myocardial infarction,"Between 1935 and 1965, the Italian-American inhabitants of Roseto (Pennsylvania, USA) observed a traditional Italian diet and maintained half the mortality rates from myocardial infarction compared with neighboring cities."
coffee,treats,hypertension,"Respondents with overweight (AOR 1.44, 95%CI: 1.02-2.02), khat chewing (AOR3.31, 95%CI: 1.94-5.64), low fruit and/or vegetable consumption (AOR 1.27, 95%CI: 1.05-1.53) and those who do not use coffee and tea (AOR 1.52, 95%CI: 1.03-2.24) had significantly higher likelihood of hypertension."
brassica rapa,treats,hypoxia,"The Tibetan turnip (Brassica rapa L.) has a wide array of medicine properties including heat-clearing, detoxifying and anti-hypoxia as listed in the famous centuries-old Tibetan medicine classic ""The Four Medical Tantras""."
beans,treats,chronic diseases,Beans can contribute to a food-first approach to healthy aging as they are nutrient-dense and can reduce the risk of chronic diseases.
olive oil (,treats,ad,A growing body of evidence including our studies supports a protective effect of oleocanthal (OC) and extra-virgin olive oil (EVOO) at early AD stages before the onset of pathology.
red wine,treats,diabetes,"Tea, red wine and cocoa are good sources of flavanols and these highly consumed foods might contribute to prevent diabetes."
docosahexaenoic acid,treats,"cardiovascular, neurodegenerative","Omega-3 fatty acids (ÃÂÃÂÃÂÃÂ-3FAs) such as Docosahexaenoic acid (DHA) and Eicosapentanoic acid (EPA), are active ingredient of fish oil, which have larger health benefits against various diseases including cardiovascular, neurodegenerative, cancers and bone diseases."
ginger,treats,obesity,Ginger exerts protective effects on obesity and its complications.
almond,treats,heart disease,"Almond kernels contain phytochemicals with positive health effects in relation to heart disease, diabetes and obesity."
guava tea,treats,diabetic,"Polyphenols from coffee, guava tea, whortleberry, olive oil, propolis, chocolate, red wine, grape seed, and cocoa have been reported to show anti-diabetic effects in T2D patients through increasing glucose metabolism, improving vascular function as well as reducing insulin resistance and HbA1c level."
cocoa,treats,cvd,"The consumption of natural polyphenol-rich foods, and cocoa in particular, has been related to a reduced risk of CVD, including coronary heart disease and stroke."
beer,treats,brain disorders,"Beer, as part of this protective diet, contains compounds such as silicon and hops that could play a major role in preventing brain disorders."
steroids,causes,gastrointestinal perforation,"The causes of gastrointestinal perforation with collagen diseases have been reported to be functional gastrointestinal disorders with collagen diseases like amyloidosis, gastrointestinal infections in immunocompromised patients, and side effects of medication, such as steroids or NSAIDs and MTX."
iron rich foods,treats,anaemia,"Improving overall household living conditions, increasing maternal education, delaying childbearing and introducing iron rich foods at six months of age may reduce the likelihood of anaemia in toddlerhood."
chicken protein hydrolysates ( cphs ),treats,inflammation,Chicken protein hydrolysates (CPHs) generated from rest raw materials through enzymatic hydrolysis using Corolase PP or Alcalase were shown to reduce inflammation and stimulate hepatic mitochondrial fatty acid oxidation in high-fat-fed mice.
mediterranean diet,treats,inflammation,A Mediterranean diet (MeDi) style has been reported as associated with a lower degree of inflammation biomarkers and with a protective role on cardiovascular and cerebrovascular events.
ginger,treats,alzheimer disease,"Components of ginger (Zingiber officinale) extracts have been described as potential new drug candidates against Alzheimer disease (AD), able to interact with several molecular targets related to the AD treatment."
peanut,causes,allergy,"Peanut allergy that affects 1.4-4.5% of North American children, has increased in prevalence in the past 20 years, is often diagnosed early in life, and outgrown in fewer than 20-32% of children by age 6."
selective nutrition,treats,malnutrition,Selective nutrition therapy for ASD and brain function shows improvement in behavioral changes and reduction in malnutrition seemingly associated with the allergies or food intolerances to gluten.
flour,causes,diabetes,"Alloxan (ALX), a food-additive, intaken daily through flour causes diabetes and genotoxicity by inducing chromosomal-aberration and DNA-damage."
garlic intake,treats,cancer,Numerous animal and in vitro studies provided evidence for a relation between garlic intake and cancer risk reduction.
cabbage,treats,allergic,"Quercetin is the major polyphenolic flavonoid found in food products, including berries, apples, cauliflower, tea, cabbage, nuts, and onions that have traditionally been treated as anticancer and antiviral, and used for the treatment of allergic, metabolic, and inflammatory disorders, eye and cardiovascular diseases, and arthritis."
wheat flour,causes,occupational respiratory allergies,Exposure to wheat flour and guar gum is a well-known cause of occupational respiratory allergies among workers in the food processing industry.
wine,treats,cognitive decline,Some studies have shown a potential role for grapes or wine in slowing cognitive decline and other effects of aging.
fruits,causes,allergy,Severe allergy to fruits mediated by a 7 kDa allergen belonging to the gibberellin-regulated protein (GRP) family is known to be associated with Cupressaceae pollinosis.
myrciaria cauliflora (jaboticaba),treats,respiratory diseases,"Myrciaria cauliflora (jaboticaba) is an edible fruit common in Brazil that has been used for treating respiratory diseases, including chronic tonsillitis and asthma."
honey-bee pollen mix (hbm),treats,asthma,"Honey-bee pollen mix (HBM) formulation is claimed to be effective for the treatment of asthma, bronchitis, cancers, peptic ulcers, colitis, various types of infections including hepatitis B, and rheumatism by the herb dealers in northeast Turkey."
high-salt ( hs ) diets,causes,hypertension,High-salt (HS) diets are associated with hypertension and cardiac remodelling.
extra-virgin olive oil,treats,cardiovascular and neurodegenerative diseases,"The phenolic compounds of extra-virgin olive oil can act at various levels to protect individuals against cardiovascular and neurodegenerative diseases, cancer, and osteoporosis, among others."
garlic,treats,colon cancer,"The results indicate that grape, soybean, green tea, garlic, olive, and pomegranate are the most effective plants against colon cancer."
morus alba,treats,stroke,Mulberry (Morus alba L.) leaves are widely used as herbal tea to prevent heat stroke.
virgin olive oil,treats,osteoporotic fractures,"Virgin olive oil, a key component of the Mediterranean Diet (MDiet), with recognised beneficial effects on metabolism and cardiovascular health, may decrease the risk of osteoporotic fractures."
gluten-free diet,treats,gastrointestinal symptoms,"New evidence shows that a gluten-free diet may be beneficial for some patients with gastrointestinal symptoms, such as those symptoms commonly found in patients with IBS."
regular-fish oil,treats,bone loss,"The preventive effect of high-dose (9%) regular-fish oil (FO) against bone loss during aging has been demonstrated, but the effects of a low-dose (1%-4%) of a highly purified concentrated FO (CFO) has not been elucidated."
anti-inflammatory drugs,treats,ad,"Thus, anti-inflammatory drugs in this asymptomatic initial phase could slow down AD progression, provided they enter the brain."
quercus liaotungensis koidz,treats,diarrhea,"Acorn obtained from the Quercus liaotungensis Koidz tree is consumed as a Chinese folk medicine for the treatment of diarrhea, abdominal pain, and inflammation, also having strong antioxidant activity and have been utilized for the treatment of diabetes in China."
wheat flour,causes,rhinitis,Sensitization to inhaled wheat flour may lead to occupational rhinitis and/or asthma.
allium hirtifolium boiss,treats,dementia,Allium hirtifolium Boiss and Astragalus hamosus L. are mentioned in Iranian traditional medicine documentation as therapy for a kind of dementia with the features and symptoms similar to those of Alzheimer's disease (AD).
olive oil,treats,cognitive impairment,"The Mediterranean diet (rich in fruits, vegetables, legumes, and olive oil, with regular fish consumption and low consumption of dairy products and meats) has been shown to reduce the incidence of mild cognitive impairment (MCI) and, probably, the conversion of MCI to dementia."
fruit,treats,cardiovascular diseases,Fruit and vegetable intake has been reported as one of the significant protective factors against the development of cardiovascular diseases (CVD).
caffeic acid,treats,alzheimer's disease,"Caffeic acid (CA) has shown neuroprotection in Alzheimer's disease or cerebral ischaemia; however, it is unclear whether CA confers neuroprotection in ÃÂÃÂÃÂÃÂ±-synuclein-induced PD models."
cicer arietinum,causes,allergy,Chickpea (Cicer arietinum) allergy has frequently been reported particularly in Spain and India.
black rice,causes,hypoglycemic,Cyanidin-3-glucoside (C3G) from black rice was reported to have hypoglycemic effects and an anti-osteoporosis effect in diabetic rats.
nuts,treats,chronic diseases,Nuts have an appreciable antioxidant load and there is evidence of their positive effects on several chronic diseases incidence and death rates.
flour,causes,allergic reactions,Allergic reactions to wheat may be caused by ingestion of wheat containing foods or inhalation of flour (Bakers asthma).
ultra-processed foods,causes,cardiovascular disease,A high percentage of total calories from ultra-processed foods has been associated with several cardiovascular disease risk factors.
opioid drugs,treats,pain,"Opioid drugs are widely used to treat chronic pain, but their misuse can lead to tolerance, dependence, and addiction and have created a significant public health problem."
unbalanced diet,causes,neurodegenerative diseases,"In the last decade, several theories investigating the causes of neurodegenerative diseases have been formulated and a condition or risk factor that can contribute is described by the gut-brain axis hypothesis: stress, unbalanced diet, and drugs impact altering microbiota composition which contributes to dysbiosis."
tropical fruits,treats,metabolic syndrome,"Tropical foods such as seaweeds and tropical fruits including indigenous fruits such as Davidson's plums are effective in reducing these signs of metabolic syndrome in rats, as well as reducing degeneration of bone cartilage and altering gut microbiome."
flour,causes,respiratory symptoms,Flour mill workers are at high risk of developing respiratory symptoms due to exposure to flour dust in their working environment.
rice,treats,ad,Components of the germ layer and bran of Brown rice (BR) help maintain good health and prevent AD.
diacetyl-containing butter flavor,causes,bronchiolitis obliterans,Diacetyl-containing butter flavor was identified as the cause of an outbreak of bronchiolitis obliterans (BO) and other lung diseases in popcorn-plant workers.
cocoa plant,treats,insulin resistance,"Flavanoids in the cocoa plant may ameliorate insulin resistance by improving endothelial function, altering glucose metabolism, and reducing oxidative stress."
green tea from camellia sinensis,treats,memory deficits,"Green tea from Camellia sinensis plays a neuroprotective role in different neurodegenerative conditions, such as memory deficits in Alzheimer disease (AD)."
ascorbic acids,causes,toxicity,"Antioxidants such as phlorotannins, ascorbic acids, tocopherols, carotenoids from red algae showed toxicity on some cancer cells without side effects."
curcuma longa,treats,pain,"Turmeric (Curcuma longa) has traditionally been used to treat pain, fever, allergic and inflammatory diseases such as bronchitis, arthritis, and dermatitis."
healthy diets,treats,type 2 diabetes mellitus,It is hypothesized that decreased advanced glycation end products (AGEs) levels could affect type 2 diabetes mellitus (T2DM) remission in newly diagnosed patients through the consumption of two healthy diets.
citrus unshiu,treats,fatigue,"Citrus unshiu (Rutaceae) is an easy-peeling citrus fruit, which has been used as a traditional Korean medicine for improving skin elasticity, relieving fatigue and cough, and preventing bronchitis, flu, and various cancers."
fish oil,treats,cd,Fish oil rich in eicosapentaenoic acid (EPA) and docosahexaenoic acid (DHA) reduces disease activity in patients with CD with raised laboratory markers of inflammation and in healthy subjects alters PBMC function.
milk,causes,atherosclerosis,Milk is often seen as a potential promotor of atherosclerosis and coronary heart disease because it is a source of cholesterol and saturated fatty acids.
tofu,treats,cognitive decline,"Cell culture studies suggest that phytoestrogens, abundant in soy products such as tempe and tofu, could protect against cognitive decline."
fruits,treats,cvds,Accumulating epidemiological studies have indicated that consuming fruits was inversely related to the risk of CVDs.
extra-virgin olive oil,treats,human diseases,"Oleocanthal (OLC) is a phenolic component of extra-virgin olive oil, recently supposed to be involved in the modulation of some human diseases, such as inflammation and Alzheimer."
soy foods,treats,cardiovascular disease,"Epidemiological investigations have shown that consumption of soybeans or soy foods reduces the risk of the development of cardiovascular disease, cancer and osteoporosis."
cheese,treats,sarcopenia,"The consumption of dairy products by older people may reduce the risk of frailty, especially with high consumption of low-fat milk and yogurt, and may also reduce the risk of sarcopenia by improving skeletal muscle mass through the addition of nutrient-rich dairy proteins (ricotta cheese) to the habitual diet."
nobiletin from citrus peels,treats,dementia,"Previously, we identified nobiletin from citrus peels as a natural compound possessing anti-dementia activity."
apium graveolens,treats,hypertension,"Apium graveolens L. is a traditional Chinese medicine prescribed as a treatment for hypertension, gout, and diabetes."
mediterranean diet,treats,stroke,The Mediterranean diet (MD) has been shown to lower stroke risk.
milk,causes,allergy,"Although soy is considered a major food allergen (along with milk, egg, peanut, fish, and wheat), the prevalence of soy allergy in the pediatric population is not well defined."
cheese,treats,cvd,"In subgroup analysis, cheese and yogurt consumptions were associated with decreased CVD risk (OR = 0.87, 95% CI = 0.80-0.94 for cheese and OR = 0."
garlic,treats,ailments,"Garlic (Allium sativum) is a popular spice, a remedy for a variety of ailments and is also known for its medicinal uses as an antibiotic, antithrombotic and antineoplastic agent."
wheat flour,causes,baker's asthma,Sensitization to wheat flour plays an important role in the development and diagnosis of baker's asthma.
cocoa,treats,diabetic,Epidemiological and animal studies suggest that cocoa might reduce the risk of diabetic complications.
salt,causes,diet- associated health diseases,"In terms of nutrition, a diet high in fat (particularly saturated fat), salt and sugars have shown to be associated with innumerable incidence of diet- associated health diseases."
hydrolyzed wheat products,causes,allergy,There are several reports describing allergy to hydrolyzed wheat products.
fish oil,treats,myxomatous mitral valve disease,"A cardiac protection blend (CPB) of nutrients including medium chain triglycerides, fish oil and other key nutrients was developed to slow the progression of canine myxomatous mitral valve disease (MMVD)."
wheat,causes,allergic reaction,"Wheat is a food allergen that occasionally causes a systemic allergic reaction; however, little is known about the quantities of wheat allergen required to evoke allergic symptoms."
salt,causes,hypertension,"Excessive salt intake is an important risk factor of diseases such as hypertension, stroke, and stomach cancer."
ketogenic diet,treats,seizures,The ketogenic diet is an effective alternative therapy used to control intractable seizures.
oil tea,treats,ailments,Oil tea has traditionally been used in minority populations in China for treating various ailments in traditional Chinese medicine.
rice milk,causes,hypoalbuminemia,"Although several cases of severe hypoalbuminemia resulting from rice milk have been described in the past, today the use of rice milk without nutritional counseling to treat eczema is still a continuing, poor practice."
soy foods,treats,cardiometabolic disease,"Consumption of soy foods has been associated with protection against cardiometabolic disease, but the mechanisms are incompletely understood."
sesame oil,treats,joints pain,Sesame oil is an herbal product that has been used to treat the joints pain in several traditional medicines.
lamb,causes,asthma,"In China, lamb and fish are well-known triggers for an asthma attack."
red meat,causes,atherosclerosis,"Recent evidence has also suggested carnitine from red meat, as a precursor for trimethylamine-N-oxide, which has been shown to cause atherosclerosis, may increase the risk of suffering CVD in experimental animals."
watermelon,treats,systolic blood pressure,"Consumption of watermelon has been associated with beneficial effects on metabolism, including reductions in systolic blood pressure, improved fasting blood glucose levels, and changes in hepatic metabolite accumulation."
garlic,treats,colorectal cancer,Garlic and its constituents are reported to have a preventive effect against colorectal cancer in animal models.
wheat flour,causes,allergy,Occupational allergy to components of wheat flour is the main cause of rhinitis and asthma of workers in bakeries and similar activities.
fruit,treats,cardiovascular disease,Fruit and vegetable intake has been associated with a reduced risk of cardiovascular disease.
fruits,treats,nephrolithiasis,"Dietary Approaches to Stop Hypertension (DASH), a low-sodium and fruits/vegetables-rich diet, has been associated with a lower risk of nephrolithiasis, due to altered urinary biochemistry."
butter flavoring vapors,causes,bronchiolitis obliterans,"In 2000, inhalation of butter flavoring vapors was first associated with clinical bronchiolitis obliterans among workers in microwave popcorn production."
coffee beans,treats,ad,"In addition, eicosanoyl-5-hydroxytryptamide (EHT), a naturally occurring component from coffee beans that modulates PP2A methylation, was shown to confer therapeutic benefits in rodent models of AD and Parkinson's disease."
folic acid,treats,neural tube defects,"Consumption of adequate amounts of folic acid by women before pregnancy and during early pregnancy decreases their risk for having a pregnancy affected by neural tube defects (NTDs), the most common preventable type of birth defects worldwide."
mediet,treats,inflammation,"Several clinical, epidemiological and experimental evidences suggest that consumption of the MeDiet reduces the incidence of certain pathologies related to oxidative stress, chronic inflammation and immune system diseases such as cancer, atherosclerosis and cardiovascular disease (CVD)."
extra virgin olive oil,treats,alzheimer's disease,"Consumption of extra virgin olive oil (EVOO), a major component of the Mediterranean diet, has been associated with reduced incidence of Alzheimer's disease (AD)."
saffron,treats,asthma,Saffron has anti-inflammatory effects and may has beneficial effects on asthma.
fruit drinks,causes,asthma,", HFCS-sweetened soda, fruit drinks and apple juice - a high-fructose 100 % juice - are associated with asthma, possibly because of the high fructose:glucose ratios and underlying fructose malabsorption, which may contribute to enteral formation of pro-inflammatory advanced glycation end products, which bind receptors that are mediators of asthma."
fruit,treats,cognitive decline,"Finally, the limited epidemiological evidence available on fruit and vegetable consumption and cognition generally supported a protective role of these macronutrients against cognitive decline, dementia, and AD."
inadequate diet,treats,bmd,"Inadequate diet, which may occur in depressed individuals prescribed SSRIs is also associated with decreased BMD."
soybean curd,causes,cognitive impairment,"Paradoxically, the Honolulu Asia Aging Study reported an increased risk for cognitive impairment and other dementia markers with high tofu (soybean curd) intake."
nuts,treats,stroke,A recent study confirmed the stroke preventive effect of a Mediterranean diet rich in olive oil and nuts; a ketogenic diet reduces seizure frequency in epilepsy.
garlic supplements,treats,colorectal cancer,"Laboratory studies have provided evidence that allium vegetables and garlic supplements might protect against colorectal cancer (CRC), but epidemiologic studies have produced inconsistent findings."
milk,treats,osteoporosis,Biologically active peptides in milk proteins can be used as effective dietary supplements for management of bone-associated issues including osteoporosis.
broccoli,treats,cancers,"Brassica species, and broccoli in particular, are associated with reduced risk of several important cancers."
cigarette smoke,causes,asthma,Cigarette smoke and secondhand (passive) smoke have been causally related to asthma and lung cancer.
olive oil,treats,cognitive decline,"In the French Three-City Study, a ten-year follow-up (2000-2010) showed that higher consumption of olive oil was associated with lower risk of death, as well as protection from cognitive decline and stroke."
cocoa consumption,treats,type 2 diabetes,"Regular cocoa consumption has been shown to improve blood pressure (BP), insulin sensitivity, and lipid levels in patients with type 2 diabetes (T2D), using up to 100 g of chocolate or 54 g of cocoa."
tea,treats,pain,"Dietary polyphenols and other bioactive compounds in berries, curcumin, and tea have shown effects in ameliorating pain and inflammation in OA, but few clinical studies have been reported."
fruit,treats,chronic diseases,"Higher consumption of fruit and vegetables has been associated with a lower risk of various chronic diseases including coronary heart disease, obesity, and certain cancers."
garlic,treats,"colon, lung, and skin cancers","Diallyl disulfide (DADS), a component of garlic (Allium sativum), has been known to exert potent chemopreventative activity against colon, lung, and skin cancers."
p. cauliflora,treats,skin irritations,"The fruits of P. cauliflora are used as food, and almost all parts of this species have long been used as a traditional Brazilian medicine for the treatment of skin irritations, flu, diarrhea, labyrinthitis, genito-urinary problems, and asthma."
coffee,treats,alzheimer's disease,Several epidemiological and preclinical studies supported the protective effect of coffee on Alzheimer's disease (AD).
curcuma longa,treats,inflammatory diseases,"The use of turmeric, derived from the root of the plant Curcuma longa, for treatment of different inflammatory diseases has been described in Ayurveda and in traditional Chinese medicine for thousands of years."
chickpea flour,treats,type 2 diabetes mellitus,Food supplementation with a fiber mix of guar gum and chickpea flour represents a promising approach to reduce the risk of type 2 diabetes mellitus (T2DM) by attenuating postprandial glycemia.
flour,causes,bronchitis,"Symptoms suggestive of chronic bronchitis or chronic productive cough were found in 29.0% of 100 workers exposed to flour dust in a flour mill, 26.0% presenting with chronic cough and 29.0% with phlegm."
shenzao jiannao oral liquid (szjn),treats,insomnia,"Shenzao jiannao oral liquid (SZJN), a traditional Chinese preparation approved by the China Food and Drug Administration (CFDA), is used for the treatment of insomnia and mind fatigue at present for its efficacy of nourishing kidneys."
dioscorea,treats,diabetes,"Yam (Dioscorea spp.), known as an edible and medicinal tuber crop in China, has been used historically for the treatment of diabetes, diarrhea, asthma, and other ailments in traditional Chinese medicine."
added salt,causes,rhythm disorders,"Saturated fat, added salt, and excessive energy drink consumption appear to be harmful for patients with rhythm disorders."
green tea,treats,infectious diseases,"Catechins, phytochemicals contained mainly in green tea, exhibit antiviral activity against various acute infectious diseases experimentally."
ginger,treats,obesity-related impairments,"Reports have shown that ginger and avocado induce antioxidant and anti-inflammatory effects by improving enzymatic activity and modulating obesity-related impairments in the anti-inflammatory system in different tissues, without side effects."
shiitake mushrooms,causes,flagellate dermatitis,Flagellate dermatitis caused by the intake of shiitake mushrooms is characterized by linear erythematous lesions that are intensely pruritic.
fruit,treats,cardiovascular and cerebrovascular diseases,Fruit and vegetable consumption was considered a protective effect against cardiovascular and cerebrovascular diseases (CVDs).
sugar,causes,chronic diseases,"Epidemiological studies have shown that higher sugar-sweetened beverage consumption is associated with increased risk of developing chronic diseases, including cardiovascular disease, type 2 diabetes mellitus, obesity, non-alcoholic fatty liver disease, gout, and rheumatoid arthritis and to worse symptoms in some patients with rheumatoid arthritis."
ketogenic diet,treats,epilepsy,"First identified as a feasible treatment for intractable epilepsy, the ketogenic diet (KD) has recently gained popularity thanks to growing evidence on applications such as weight loss, most importantly, but also NAFLD, cancer, neurologic conditions and chronic pain."
ultra-processed foods,causes,non-communicable diseases,"There is a causal link between the consumption of ultra-processed foods and a range of non-communicable diseases (NCDs) such as obesity, type 2 diabetes and cancers."
fish oil,treats,asthma,"Maternal dietary interventions during pregnancy with fish oil and high dose vitamin D have been shown to reduce the incidence of asthma and wheeze in offspring, potentially through microbial effects in pregnancy or early childhood."
poor quality of the diets,causes,anemia,"These findings suggest that in rural China, anemia stems from the poor quality of the diets of infants/toddlers, rather than insufficient quantities of food being consumed."
tea consumption,treats,postmenopausal osteoporosis,"Tea consumption has positive effects on the skeletal system and prevents postmenopausal osteoporosis, mainly by inhibiting osteoclastogenesis."
garlic,treats,cancer,"Epidemiological evidence indicates that a high dietary intake of plants of the Allium family, such as garlic and onions, is associated with a decreased risk of cancer in humans."
eggplant,causes,oral ulcers,"The most common foods reported as triggers for oral ulcers were eggplant (78.3%), melon (68.3%), walnut (68.2%), and cantaloupe (66.7%)."
ginger,treats,hyperlipidemia,"Ginger (Zingiber officinale Roscoe, Zingiberaceae) has been documented to ameliorate hyperlipidemia, hyperglycemia, oxidative stress, and inflammation."
olive oil,treats,ad,"It has been previously demonstrated that daily intake of hydroxytyrosol (HT), a polyphenol in olive oil, at a daily dietary level mildly improves cognition in AD mice."
fb1-contaminated corn,causes,neural tube defects,A relationship between maternal ingestion of FB1-contaminated corn during early pregnancy and increased risk for neural tube defects (NTDs) has recently been proposed in human populations around the world where corn is a dietary staple.
sucrose,causes,diabetes,"Chocolate milk is one of the most commonly used non-fermentative dairy products, which, due to high level of sucrose, could lead to diabetes and tooth decay among children."
grape extract (ge),treats,lifestyle-related diseases,"Grape extract (GE), which contains various polyphenolic compounds, exerts protective effects against lifestyle-related diseases, such as diabetes and hypertension."
flour,causes,asthmatic reactions,"Bronchial provocation tests by ""occupational"" exposure to flour provoked dual asthmatic reactions accompanied by rhinitis in two atopic bakers engaged in the manufacture of bread and pies."
processed foods,causes,hypertension,Increased consumption of processed foods in the modern world has contributed to a high salt intake and thus increased the prevalence of hypertension among Malaysian populations.
coffee,treats,neurodegenerative diseases,"Our findings strongly suggest that some foods, especially coffee, can act as a rich source of ÃÂÃÂÃÂÃÂ²-carbolines, which may possibly be associated with a reduced risk for serious neurodegenerative diseases, such as Parkinson's and Alzheimer's."
symptomatic slow-acting drugs,treats,osteoarthritis,Evidence supports the use of glucosamine and chondroitin as symptomatic slow-acting drugs for osteoarthritis (SYSADOAs) with impact on OA symptoms and disease-modifying effects in the long term.
beans,treats,diabetes,Vegetables and beans are nutrient-dense foods with innate potential to mediate diabetes in a variety of cultures.
cocoa polyphenols,treats,metabolic disturbances,Cocoa polyphenols exhibit high antioxidant activity and have been proposed as a potential adjuvant for the treatment of metabolic disturbances.
nuts,treats,chronic disease,"Although a high intake of plant foods such as fruits, vegetables, whole grains, nuts, and legumes has been recommended for chronic disease prevention, it has been unclear what is the optimal amount of intake of these foods and whether specific subtypes are particularly beneficial."
extra virgin olive oil,treats,glycemia,"Oleuropein, a component of extra virgin olive oil (EVOO), reduces post-prandial glycemia with a mechanism counteracting oxidative stress-mediated incretin down-regulation."
fruits,treats,cvd,"CVD can be prevented by some simple and cost-effective steps such as smoking cessation, normalizing body weight, regular physical activity, and dietary changes, including decreasing saturated fats, increasing the intake of vegetables and fruits, and reducing sugar intake."
curcuma longa,treats,neurodegenerative diseases,"Therefore, novel therapeutic strategies have long been investigated, where curcumin (Curcuma longa) has shown some properties that can prevent the deleterious processes involved in neurodegenerative diseases."
tomato fruit,treats,memory impairment,"ÃÂÃÂÃÂÃÂ²-Amyrin, an ingredient of the surface wax of tomato fruit and dandelion coffee, is previously reported to ameliorate memory impairment induced by cholinergic dysfunction."
curcuma longa,treats,rheumatoid arthritis,Curcuma longa (CL) or turmeric is an Ayurvedic herb that has been traditionally used to treat inflammatory conditions like rheumatoid arthritis (RA).
red wine,treats,cognitive decline,These effects have been related to the protection against cognitive decline associated with aging and disease by a number of polyphenols found in red wine and extra virgin olive oil.
mediterranean diet,treats,sci,"The Mediterranean diet, along with exercise and dietary supplements, has been suggested as an anti-inflammatory intervention in individuals with SCI."
extra virgin olive oil,treats,joint inflammatory diseases,"Recently, oleocanthal isolated from extra virgin olive oil was found to display nonsteroidal antiinflammatory drug activity similar to that of ibuprofen, a drug widely used in the therapeutic management of joint inflammatory diseases."
salt,causes,nutritional reformulation,"Among nutritional reformulation strategies, reductions in caloric density, salt, added sugar, saturated and trans-fats are important in order to reduce the associated risk of developing chronic diseases, including cardiovascular diseases, diabetes and cancer."
milk consumption,treats,knee osteoarthritis,Observational studies showed inverse associations between milk consumption and knee osteoarthritis (knee OA).
mediterranean diet,treats,bone disease,Mediterranean diet (MD) has shown to prevent bone disease.
functional foods,treats,pathogenic viral infections,"Functional foods optimize the immune system capacity to prevent and control pathogenic viral infections, while physical activity augments such protective benefits."
milk,treats,fracture,"In adult Caucasian women, daily intake of 200-250 ml of milk is associated with a reduction in fracture risk of 5 % or higher."
olive oil,treats,cancers,"Traditional Mediterranean Diet (MD) is associated by the low-prevalence of certain types of cancers and CVDs, where olive oil plays an important role."
rice,causes,allergy,"In rice allergy, proteins with molecular masses of 14-16, 26, 33, and 56 kDa have been demonstrated to be potentially allergenic."
fish,treats,ischemic heart disease,"The low mortality rates from ischemic heart disease and cancer are thought to reflect the low prevalence of obesity in Japan; low intake of red meat, specifically saturated fatty acids; and high intakes of fish, specifically n-3 polyunsaturated fatty acids, plant foods such as soybeans, and nonsugar-sweetened beverages such as green tea."
trans-fatty acids,causes,noncommunicable diseases,"Pakistan is among the nations with a high intake of trans-fatty acids (TFAs), a major dietary risk factor of noncommunicable diseases (NCDs)."
fruit of terminalia chebula,treats,ailments,"The fruit of Terminalia chebula has been used extensively in various traditional health systems for different ailments, with additional preclinical and clinical data demonstrating antioxidant and anti-inflammatory potential."
grape seed proanthocyanidin extract (gspe),treats,hypertension,The development of hypertension (HTN) in cafeteria (CAF) diet-fed rats was demonstrated to be attenuated after grape seed proanthocyanidin extract (GSPE) administration.
crushed garlic,treats,colon cancer,"Here, we identified Z-ajoene, a sulfur containing compound isolated from crushed garlic, as an inhibitor of colon cancer cell growth."
oats,treats,chronic diseases,Oats products are believed to contain many bioactives that possess potential beneficial properties against chronic diseases.
yogurt,treats,human disease,The judicious use of milk and yogurt could prevent a high proportion of human disease.
dietary virgin olive oil,treats,hypoxia,Recent studies suggest that dietary virgin olive oil reduces hypoxia-reoxygenation injury in rat brain.
garlic,causes,asthma,"Twenty-three positive bronchial or nasal challenges were performed on 16 patients (six farmers, six bakery workers, and four food industry workers) and asthma or rhinitis was diagnosed as caused by cereal flour or grain, cow epithelium, storage mites, garlic, or soy dust."
ginger,treats,human diseases,"Natural products, such as ginger, curcumin, and gingko biloba have been used as diets and dietary supplements to treat human diseases, including cancer, cardiovascular, respiratory, infectious, diabetes, obesity, metabolic syndromes, and neurological disorders."
dairy products,treats,obesity,"Efficiency of milk and dairy products in treatment of obesity, sclerosis and hypertension has been proved by DASH diet."
milk,treats,hip fracture,"However, there is also evidence of a detrimental effect of milk on the risk of hip fracture."
sodium consumption,causes,chronic disease,"However, population-level strategies to reduce sodium consumption, such as food product reformulation, modifying food procurement processes, and federal healthy eating policies, are important public health initiatives that can produce meaningful reductions in sodium consumption and help to prevent chronic disease in adulthood."
beans,treats,diabetic,"Common beans have been associated with anti-diabetic effects, due to its high content of bioactive compounds."
coffee consumption,treats,chronic diseases,"Coffee consumption has been associated with a significant decrease in the risk of developing chronic diseases such as Parkinson disease, diabetes type-2 and several types of cancers (e.g. colon, liver)."
peas,treats,cardiovascular disease,"Pulses, including peas, are a good source of protein, dietary fiber, folic acid, and iron and are reported to reduce the risk for cardiovascular disease and diabetes."
olive oil),treats,cardiovascular disease,Epidemiological studies suggest that a Mediterranean diet (which is rich in virgin olive oil) decreases the risk of cardiovascular disease.
diet,treats,low-grade inflammation,"Low-grade inflammation is a suggested mechanism in the development of metabolic syndrome (MetS), and diet could act as a regulator."
"date fruit, phoenix dactylifera",treats,ailments,"Date fruit, Phoenix dactylifera L. has traditionally been used as a medicine in many cultures for the treatment of a range of ailments such as stomach and intestinal disorders, fever, oedema, bronchitis and wound healing."
fruits,treats,coronary heart disease,"Adequate consumption of fruits and vegetables has protective benefits against development of coronary heart disease, hypertension and chronic obstructive pulmonary disease."
ginger,treats,asthma,"Curcumin, is a polyphenol from Curcuma longa (turmeric plant), is a polyphenol that belongs to the ginger family which has long been used in Ayurveda medicines to treat various diseases such as asthma, anorexia, coughing, hepatic diseases, diabetes, heart diseases, wound healing and Alzheimer's."
lemon,treats,respiratory tract infections,"Natural products like ginger, turmeric, garlic, onion, cinnamon, lemon, neem, basil, and black pepper have been scientifically proven to have therapeutic benefits against acute respiratory tract infections including pulmonary fibrosis, diffuse alveolar damage, pneumonia, and acute respiratory distress syndrome, as well as associated septic shock, lung and kidney injury, all of which are symptoms associated with COVID-19 infection."
nuts,treats,atherosclerosis,"Thus, the inclusion of food sources of dietary antioxidants, such as different kinds of nuts, may improve biomarkers related to oxidative stress, contributing to a possible reduction in atherosclerosis progression."
apple juice,causes,asthma,"Intake of beverages with excess free fructose (EFF), including apple juice, and HFCS sweetened fruit drinks and soft drinks, has been associated with asthma in children."
coffee,treats,pd,"However, some evidence exists regarding a potential protective effect of uric acid, poly-unsaturated fatty acids, coffee, and tea but mainly in men, whereas dairy products, particularly milk, might increase PD risk through contaminant mediated effect."
folic acid fortification,treats,neural tube defects,There is no doubt that folic acid fortification can be effective for reducing the incidence of neural tube defects.
